Id,OverallQual,GrLivArea,GarageCars,TotalBsmtSF,FullBath,YearBuilt,SalePrice
1461,5,896,1.0,882.0,1,1961,110000
1462,6,1329,1.0,1329.0,1,1958,143000
1463,5,1629,2.0,928.0,2,1997,140000
1464,6,1604,2.0,926.0,2,1998,140000
1465,8,1280,2.0,1280.0,2,1992,141000
1466,6,1655,2.0,763.0,2,1993,140000
1467,6,1187,2.0,1168.0,2,1992,141000
1468,6,1465,2.0,789.0,2,1998,140000
1469,7,1341,2.0,1300.0,1,1990,143000
1470,4,882,2.0,882.0,1,1970,110000
1471,7,1337,2.0,1405.0,2,1999,125000
1472,6,987,1.0,483.0,1,1971,100000
1473,5,1092,1.0,525.0,1,1971,100000
1474,6,1456,2.0,855.0,2,1975,140000
1475,7,836,1.0,836.0,1,1975,120500
1476,9,2334,3.0,1590.0,2,2009,240000
1477,8,1544,3.0,1544.0,2,2009,190000
1478,9,1698,3.0,1698.0,2,2005,275000
1479,8,1822,3.0,1822.0,2,2005,275000
1480,9,2696,3.0,2846.0,2,2003,466500
1481,8,2250,3.0,1671.0,2,2002,320000
1482,8,1370,2.0,1370.0,2,2006,143000
1483,6,1324,2.0,1324.0,2,2005,143000
1484,7,1145,2.0,1145.0,2,2006,125000
1485,7,1374,2.0,384.0,2,2004,112000
1486,7,1733,2.0,847.0,2,2004,140000
1487,8,2475,3.0,1629.0,2,1998,320000
1488,8,1595,3.0,1595.0,2,2005,190000
1489,7,1218,2.0,1218.0,2,2009,141000
1490,6,1468,2.0,1468.0,2,2005,167000
1491,7,1659,2.0,831.0,2,2004,140000
1492,5,1012,1.0,816.0,1,1920,110000
1493,6,1494,2.0,1208.0,2,1974,180000
1494,8,2349,3.0,1231.0,2,1993,200000
1495,8,2225,3.0,1390.0,2,1992,240000
1496,7,1488,2.0,1488.0,2,2004,167000
1497,7,1680,2.0,840.0,2,2004,140000
1498,7,1200,2.0,600.0,2,2004,100000
1499,7,1200,2.0,600.0,2,2004,100000
1500,6,1236,2.0,600.0,2,2005,115000
1501,6,1512,2.0,756.0,2,2000,140000
1502,7,1080,2.0,530.0,2,2003,100000
1503,8,1418,3.0,1642.0,1,2010,196000
1504,8,1848,2.0,975.0,2,2000,190000
1505,7,1492,2.0,1492.0,2,2002,167000
1506,6,1829,2.0,1829.0,2,1967,385000
1507,6,2495,2.0,1280.0,2,1993,250000
1508,6,1891,2.0,1224.0,3,1978,190000
1509,6,1645,2.0,715.0,1,1971,140000
1510,5,1232,2.0,1232.0,1,1966,141000
1511,5,1209,2.0,1209.0,1,1966,141000
1512,5,1510,2.0,1510.0,2,1967,190000
1513,6,1775,2.0,533.0,2,1964,140000
1514,5,1728,0.0,1728.0,2,1962,275000
1515,5,2461,2.0,1140.0,2,1952,250000
1516,6,1556,2.0,782.0,2,1949,140000
1517,6,1128,1.0,1080.0,1,1966,135000
1518,5,1604,2.0,1604.0,2,1958,275000
1519,7,1480,2.0,1480.0,2,2003,167000
1520,5,1143,1.0,1143.0,1,1959,125000
1521,5,1206,1.0,1206.0,1,1959,141000
1522,6,1580,2.0,1244.0,1,1959,190000
1523,4,1337,1.0,832.0,1,1956,140000
1524,5,1064,1.0,864.0,1,1952,110000
1525,5,972,1.0,972.0,1,1955,125000
1526,5,988,1.0,988.0,1,1958,125000
1527,4,985,2.0,576.0,1,1920,100000
1528,6,1224,1.0,816.0,1,1948,140000
1529,5,1175,2.0,1175.0,1,1960,141000
1530,6,1395,2.0,1395.0,1,1963,180000
1531,4,1844,1.0,709.0,1,1900,197000
1532,5,936,0.0,936.0,1,1920,125000
1533,5,1347,2.0,1347.0,1,1957,143000
1534,6,1251,1.0,827.0,1,1938,140000
1535,5,1633,1.0,1027.0,1,1948,190000
1536,5,1245,1.0,1008.0,1,1920,135000
1537,2,832,2.0,678.0,1,1923,100000
1538,8,1566,1.0,930.0,2,1900,140000
1539,8,2268,2.0,346.0,3,1890,169000
1540,5,2256,0.0,840.0,2,1910,200000
1541,6,1470,2.0,738.0,1,1922,140000
1542,5,1612,1.0,988.0,1,1950,140000
1543,7,2068,1.0,1108.0,1,1922,200000
1544,4,765,1.0,765.0,1,1925,120500
1545,6,1132,1.0,608.0,1,1939,100000
1546,6,1196,2.0,572.0,1,1940,100000
1547,5,1453,1.0,835.0,1,1942,140000
1548,6,1416,1.0,780.0,1,1948,140000
1549,5,1040,2.0,528.0,1,1936,100000
1550,5,1536,2.0,928.0,2,1930,140000
1551,6,1068,1.0,1124.0,1,1923,125000
1552,4,1962,2.0,888.0,1,1915,190000
1553,6,1560,0.0,780.0,1,1912,140000
1554,6,1324,1.0,662.0,1,1920,140000
1555,5,1675,1.0,1422.0,2,1959,190000
1556,5,1224,1.0,689.0,1,1917,140000
1557,5,1392,0.0,1212.0,1,1915,180000
1558,6,919,1.0,600.0,1,1940,100000
1559,4,1884,0.0,707.0,1,1907,197000
1560,5,1680,2.0,856.0,2,1910,140000
1561,4,1832,0.0,1832.0,2,1967,385000
1562,5,892,1.0,864.0,1,1966,110000
1563,5,864,1.0,864.0,1,1968,110000
1564,5,1373,2.0,1319.0,1,1978,143000
1565,5,1440,2.0,720.0,1,1968,140000
1566,7,1483,2.0,1420.0,1,1977,190000
1567,4,756,2.0,660.0,1,1927,80000
1568,6,1981,2.0,1117.0,2,1978,190000
1569,3,1610,1.0,972.0,2,1938,140000
1570,6,1074,1.0,663.0,1,1950,100000
1571,4,1531,1.0,756.0,1,1947,140000
1572,5,1172,1.0,1172.0,1,1954,141000
1573,7,1508,2.0,1508.0,1,2009,167000
1574,5,1298,2.0,1250.0,2,1964,143000
1575,7,1433,2.0,1433.0,1,1987,167000
1576,6,1802,4.0,946.0,2,1993,190000
1577,7,1222,2.0,1222.0,2,2010,141000
1578,6,1445,2.0,676.0,2,1900,140000
1579,5,965,2.0,870.0,1,1996,110000
1580,7,1692,2.0,878.0,2,1997,140000
1581,5,1026,1.0,1026.0,1,1977,125000
1582,5,876,2.0,876.0,1,1972,110000
1583,8,1978,3.0,1978.0,2,2003,385000
1584,7,2098,2.0,1040.0,2,1997,190000
1585,6,848,2.0,848.0,1,2003,120500
1586,3,640,1.0,0.0,1,1945,72500
1587,5,992,1.0,381.0,1,1954,100000
1588,5,1196,1.0,1196.0,1,1968,141000
1589,4,1120,2.0,744.0,1,1948,115000
1590,6,1096,1.0,1008.0,1,1975,135000
1591,4,960,0.0,960.0,1,1958,125000
1592,5,1296,1.0,1107.0,2,1924,135000
1593,6,856,2.0,856.0,1,1939,110000
1594,4,2650,0.0,0.0,3,1967,142953
1595,5,1666,0.0,894.0,1,1931,140000
1596,7,2133,1.0,1528.0,1,1941,240000
1597,5,2177,2.0,1032.0,2,1950,200000
1598,7,1652,2.0,423.0,2,1994,112000
1599,8,1034,2.0,982.0,1,1989,110000
1600,8,1191,2.0,1191.0,2,1989,141000
1601,2,540,1.0,480.0,1,1941,86000
1602,6,1107,1.0,629.0,1,1921,100000
1603,4,952,1.0,756.0,1,1896,110000
1604,8,1646,2.0,1594.0,2,2004,190000
1605,8,1916,3.0,1049.0,2,1998,190000
1606,6,1285,2.0,1243.0,2,1977,143000
1607,6,2048,2.0,1958.0,3,1976,278000
1608,7,1346,3.0,1336.0,2,2008,143000
1609,7,1214,2.0,1214.0,2,2009,141000
1610,5,1444,2.0,384.0,2,2006,112000
1611,5,1264,2.0,1068.0,1,1965,135000
1612,5,1430,2.0,1430.0,2,2004,167000
1613,5,1344,2.0,1344.0,2,1999,143000
1614,5,945,1.0,945.0,1,1973,110000
1615,4,1092,0.0,546.0,1,1970,100000
1616,4,1092,0.0,546.0,1,1970,100000
1617,4,1092,1.0,546.0,1,1972,100000
1618,5,874,1.0,864.0,1,1971,110000
1619,5,833,2.0,833.0,1,1984,120500
1620,5,2432,2.0,1216.0,4,1985,250000
1621,5,1274,2.0,624.0,1,1991,140000
1622,5,1479,1.0,864.0,2,1969,140000
1623,8,1803,2.0,1679.0,2,1994,275000
1624,6,1797,2.0,1152.0,2,1993,190000
1625,6,882,1.0,882.0,1,1956,110000
1626,6,1434,2.0,1434.0,2,1974,167000
1627,6,1608,2.0,945.0,2,1997,140000
1628,8,2283,3.0,1008.0,2,2003,200000
1629,7,1628,2.0,384.0,2,1996,112000
1630,8,2522,2.0,2208.0,2,2004,380000
1631,8,1478,2.0,1418.0,2,1998,190000
1632,8,1734,2.0,1587.0,2,1995,190000
1633,7,1382,2.0,384.0,2,1998,112000
1634,6,1636,2.0,952.0,2,1998,140000
1635,6,1516,2.0,707.0,2,1994,140000
1636,6,1190,2.0,1181.0,2,1993,141000
1637,5,1934,2.0,1122.0,2,1977,190000
1638,7,2050,2.0,832.0,2,1978,197000
1639,6,1671,2.0,1427.0,2,1978,190000
1640,7,2673,2.0,1043.0,2,1980,250000
1641,6,1707,2.0,1140.0,2,1978,190000
1642,7,1884,2.0,926.0,2,2003,190000
1643,8,1874,2.0,1058.0,2,2000,190000
1644,8,1811,2.0,972.0,2,2002,190000
1645,5,1621,2.0,1621.0,2,1975,275000
1646,6,1116,2.0,1116.0,2,1974,125000
1647,7,1193,2.0,1176.0,2,1975,141000
1648,5,1180,2.0,1180.0,1,1970,141000
1649,5,1050,1.0,1043.0,1,1971,125000
1650,4,864,2.0,864.0,1,1970,110000
1651,4,864,2.0,864.0,1,1971,110000
1652,6,987,1.0,483.0,1,1973,100000
1653,6,987,1.0,483.0,1,1972,100000
1654,6,1548,2.0,804.0,2,1976,140000
1655,7,1055,2.0,1057.0,2,1975,125000
1656,6,1456,2.0,855.0,2,1977,140000
1657,6,1548,2.0,804.0,2,1978,140000
1658,6,1456,2.0,855.0,2,1978,140000
1659,7,836,1.0,836.0,1,1976,120500
1660,5,1120,2.0,864.0,1,1966,110000
1661,9,2772,3.0,1776.0,3,2007,320000
1662,9,2690,3.0,1365.0,2,2009,325000
1663,9,2020,3.0,2020.0,2,2008,278000
1664,10,2674,3.0,2630.0,2,2007,466500
1665,9,1736,3.0,1736.0,2,2008,275000
1666,8,1782,3.0,1782.0,2,2004,275000
1667,8,2520,3.0,1508.0,2,2007,325000
1668,9,1743,3.0,1739.0,2,2008,275000
1669,9,1531,3.0,1504.0,2,2006,190000
1670,9,1808,3.0,1774.0,2,2008,275000
1671,7,1760,2.0,1760.0,2,2003,275000
1672,9,2452,3.0,2452.0,2,2003,466500
1673,8,2400,3.0,1082.0,3,2003,200000
1674,8,1606,3.0,1598.0,2,2006,190000
1675,6,1358,2.0,1358.0,2,2005,143000
1676,6,1306,2.0,1306.0,2,2005,143000
1677,7,1358,2.0,1350.0,2,2007,143000
1678,10,2492,3.0,2492.0,2,2004,466500
1679,8,2200,3.0,2200.0,2,2003,278000
1680,9,1884,2.0,1884.0,2,2008,385000
1681,9,1456,2.0,1451.0,2,2008,167000
1682,8,1712,3.0,1712.0,2,2002,275000
1683,7,1405,2.0,1405.0,2,2003,180000
1684,7,1456,2.0,728.0,2,2005,140000
1685,6,1490,2.0,745.0,2,2005,140000
1686,7,1220,2.0,1220.0,2,2005,141000
1687,7,1374,2.0,384.0,2,2004,112000
1688,7,1630,2.0,868.0,2,2004,140000
1689,7,1594,2.0,846.0,2,2004,140000
1690,7,1489,2.0,782.0,2,2003,140000
1691,7,1342,2.0,698.0,2,2003,140000
1692,8,2004,3.0,870.0,2,2002,215000
1693,7,1374,2.0,384.0,2,2004,112000
1694,6,1514,2.0,794.0,2,2000,140000
1695,7,1430,2.0,384.0,2,1999,112000
1696,7,2312,3.0,1177.0,2,1999,200000
1697,7,1430,2.0,384.0,2,1999,112000
1698,8,2687,3.0,1455.0,2,2000,325000
1699,8,2063,3.0,2024.0,2,1994,278000
1700,7,2061,2.0,1070.0,2,1995,190000
1701,8,2232,2.0,1173.0,2,1993,200000
1702,8,1696,3.0,1696.0,2,2008,275000
1703,8,1658,3.0,1614.0,2,2008,190000
1704,8,1702,3.0,1702.0,2,2007,275000
1705,8,1432,2.0,1422.0,2,2006,180000
1706,9,2490,3.0,2458.0,2,2005,466500
1707,7,1436,2.0,1436.0,2,2008,167000
1708,7,1402,2.0,1402.0,2,2008,180000
1709,9,1530,3.0,1530.0,2,2007,190000
1710,8,1448,2.0,1372.0,2,2006,180000
1711,8,1795,3.0,900.0,2,2006,140000
1712,8,1836,2.0,1836.0,2,2008,275000
1713,7,1662,3.0,1652.0,2,2006,275000
1714,7,1553,2.0,1553.0,2,2003,190000
1715,7,1653,2.0,812.0,2,2003,140000
1716,7,1218,2.0,1218.0,1,2007,141000
1717,7,1141,2.0,1141.0,1,2006,125000
1718,6,1158,0.0,1158.0,1,2004,125000
1719,7,1812,2.0,835.0,2,2004,140000
1720,8,1512,3.0,1512.0,2,2004,167000
1721,7,1114,2.0,1114.0,1,2004,125000
1722,5,1114,0.0,1114.0,1,2004,125000
1723,5,1114,2.0,1114.0,2,2003,125000
1724,7,1450,3.0,1450.0,2,2008,167000
1725,7,2122,2.0,913.0,2,1996,200000
1726,6,1730,2.0,816.0,2,1992,140000
1727,6,1332,2.0,1332.0,2,1990,143000
1728,7,1540,2.0,754.0,2,1994,140000
1729,6,1400,2.0,676.0,2,1986,140000
1730,6,1882,2.0,0.0,2,1981,90000
1731,5,980,2.0,980.0,1,1962,125000
1732,5,864,2.0,864.0,1,1961,110000
1733,5,864,1.0,864.0,1,1961,110000
1734,5,1020,1.0,1024.0,2,1965,125000
1735,5,912,1.0,912.0,1,1963,110000
1736,5,912,1.0,912.0,1,1962,110000
1737,8,2014,3.0,2014.0,2,1980,278000
1738,7,1755,2.0,975.0,2,1991,190000
1739,7,3005,3.0,1376.0,2,2004,438780
1740,6,1726,2.0,1726.0,2,2008,275000
1741,6,1256,2.0,1145.0,1,2008,135000
1742,6,1512,2.0,756.0,2,2000,140000
1743,7,1452,2.0,691.0,2,1999,140000
1744,8,1694,2.0,1694.0,2,1977,275000
1745,7,1740,2.0,1740.0,1,1981,275000
1746,8,2499,2.0,392.0,2,1976,242000
1747,7,2067,2.0,752.0,2,1974,197000
1748,6,2640,2.0,932.0,2,1967,200000
1749,5,1336,2.0,1288.0,2,1969,143000
1750,6,1216,1.0,1216.0,1,1969,141000
1751,7,2288,2.0,908.0,1,1977,200000
1752,5,864,1.0,864.0,1,1967,110000
1753,5,1568,2.0,1568.0,1,1967,190000
1754,7,2061,2.0,1165.0,2,1974,190000
1755,6,1320,2.0,1232.0,2,1971,143000
1756,4,894,2.0,894.0,1,1960,110000
1757,5,864,1.0,864.0,1,1959,110000
1758,4,1362,3.0,1040.0,1,1957,135000
1759,5,1728,2.0,1048.0,2,1956,190000
1760,5,1313,2.0,1313.0,1,1961,143000
1761,5,1292,2.0,1292.0,1,1964,143000
1762,5,2140,2.0,744.0,2,1965,169000
1763,6,1576,2.0,1208.0,1,1961,190000
1764,5,960,1.0,960.0,1,1955,125000
1765,6,1691,2.0,1680.0,1,1967,275000
1766,6,1453,2.0,1453.0,2,1961,167000
1767,6,1567,2.0,1562.0,2,1966,190000
1768,5,1144,1.0,1169.0,1,1956,125000
1769,7,1329,2.0,1329.0,1,1960,143000
1770,6,988,1.0,988.0,2,1959,125000
1771,5,1202,1.0,1202.0,1,1956,141000
1772,5,1382,1.0,1382.0,1,1955,180000
1773,4,1200,1.0,1200.0,1,1956,141000
1774,5,1866,2.0,1866.0,2,1958,385000
1775,6,1062,1.0,1062.0,1,1954,125000
1776,5,1112,2.0,631.0,1,1951,100000
1777,5,793,1.0,793.0,1,1945,120500
1778,5,1031,1.0,1031.0,1,1952,125000
1779,5,1210,1.0,0.0,1,1953,101800
1780,7,1527,2.0,699.0,1,1948,140000
1781,5,1200,1.0,1200.0,1,1950,141000
1782,3,792,1.0,792.0,1,1958,120500
1783,5,1352,2.0,676.0,2,1939,140000
1784,4,1039,1.0,405.0,1,1900,100000
1785,5,1078,1.0,1054.0,1,1925,135000
1786,4,2377,2.0,1313.0,2,1915,250000
1787,7,1690,2.0,560.0,2,1910,140000
1788,2,599,0.0,416.0,1,1940,35311
1789,5,846,2.0,720.0,1,1920,100000
1790,3,725,1.0,630.0,1,1890,60000
1791,6,2544,3.0,1248.0,2,1969,250000
1792,6,1380,1.0,1380.0,1,1963,180000
1793,6,1040,2.0,1040.0,1,1967,125000
1794,6,951,2.0,951.0,1,1958,125000
1795,6,1105,1.0,1105.0,1,1957,125000
1796,6,1142,1.0,160.0,1,1958,112000
1797,6,1133,2.0,795.0,1,1950,140000
1798,5,1041,1.0,1041.0,1,1958,125000
1799,5,732,1.0,732.0,1,1952,80000
1800,5,1183,1.0,528.0,1,1959,100000
1801,4,1461,1.0,832.0,2,1949,140000
1802,6,1495,2.0,864.0,1,1948,140000
1803,6,1806,2.0,780.0,1,1964,140000
1804,5,941,2.0,941.0,1,1978,110000
1805,6,1045,1.0,1045.0,1,1963,125000
1806,6,1378,1.0,901.0,1,1935,140000
1807,6,1944,2.0,972.0,2,1910,190000
1808,5,1306,2.0,240.0,1,1910,112000
1809,5,1464,0.0,504.0,2,1910,140000
1810,5,1558,2.0,690.0,1,1939,140000
1811,4,1701,0.0,600.0,2,1920,140000
1812,5,1447,0.0,801.0,1,1910,140000
1813,5,1328,1.0,768.0,1,1950,140000
1814,4,861,2.0,861.0,1,1920,110000
1815,2,612,1.0,0.0,1,1940,39300
1816,5,792,1.0,624.0,1,1923,100000
1817,4,1510,2.0,677.0,2,1910,140000
1818,6,2007,1.0,917.0,2,1900,200000
1819,6,1288,1.0,624.0,1,1917,140000
1820,4,816,0.0,624.0,1,1910,100000
1821,6,1480,1.0,972.0,1,1920,140000
1822,6,1521,3.0,741.0,1,1910,140000
1823,3,797,0.0,245.0,1,1900,109500
1824,6,1432,1.0,1022.0,1,1923,135000
1825,5,1654,1.0,297.0,2,1930,90000
1826,5,1142,1.0,468.0,1,1924,100000
1827,5,995,1.0,960.0,1,1925,110000
1828,5,1582,1.0,952.0,2,1938,140000
1829,5,1072,5.0,1072.0,1,1925,125000
1830,6,1768,2.0,1048.0,2,1915,190000
1831,7,1944,1.0,672.0,2,1915,197000
1832,5,2128,0.0,1040.0,2,1922,200000
1833,6,1930,1.0,720.0,2,1927,197000
1834,6,1427,1.0,483.0,1,1915,140000
1835,7,1864,0.0,1020.0,2,1902,190000
1836,6,1666,1.0,1204.0,1,1927,190000
1837,4,892,0.0,858.0,1,1923,110000
1838,6,1403,1.0,698.0,1,1915,140000
1839,4,704,1.0,560.0,1,1946,60000
1840,5,1200,0.0,1200.0,3,1987,141000
1841,5,1152,1.0,1152.0,2,1978,125000
1842,5,1112,1.0,585.0,2,1934,100000
1843,5,1052,1.0,1052.0,1,1967,125000
1844,6,1034,2.0,456.0,1,1978,100000
1845,5,1774,1.0,552.0,2,1961,140000
1846,6,1138,2.0,1138.0,1,1960,125000
1847,5,2071,1.0,825.0,1,1956,197000
1848,2,660,0.0,0.0,1,1947,72500
1849,4,1383,2.0,0.0,1,1954,90000
1850,5,1073,1.0,1073.0,1,1956,125000
1851,6,1639,1.0,747.0,1,1946,140000
1852,5,1089,1.0,1089.0,1,1954,125000
1853,5,1049,1.0,1049.0,2,1984,125000
1854,7,1061,2.0,1054.0,1,1990,125000
1855,6,1338,2.0,520.0,1,1983,112000
1856,7,1879,2.0,1079.0,2,1993,190000
1857,5,2016,2.0,0.0,1,1880,142953
1858,5,2228,2.0,0.0,2,1979,142953
1859,5,1535,2.0,0.0,2,1979,90000
1860,5,1229,2.0,1094.0,0,1979,135000
1861,5,1513,2.0,0.0,2,1979,90000
1862,7,2787,4.0,1168.0,4,2000,250000
1863,7,2787,4.0,1168.0,4,2000,250000
1864,7,2787,4.0,1168.0,4,2000,250000
1865,9,1680,3.0,1555.0,1,2009,190000
1866,9,1720,3.0,1720.0,2,2008,275000
1867,8,1468,3.0,1468.0,2,2008,167000
1868,8,1838,2.0,1838.0,2,2007,275000
1869,7,1290,2.0,1282.0,2,2007,141000
1870,8,1254,3.0,1254.0,2,2008,141000
1871,8,1498,3.0,1498.0,2,2005,167000
1872,6,1422,2.0,704.0,2,2005,140000
1873,7,1759,2.0,1449.0,2,1992,190000
1874,5,990,1.0,990.0,1,1994,125000
1875,7,1463,2.0,1463.0,2,1998,167000
1876,6,1772,2.0,928.0,2,1998,140000
1877,7,1444,2.0,1431.0,2,2002,180000
1878,7,1492,2.0,1492.0,2,2001,167000
1879,5,907,1.0,907.0,1,1978,110000
1880,5,914,2.0,914.0,1,1979,110000
1881,7,1611,3.0,1569.0,2,2002,190000
1882,8,2184,2.0,1068.0,2,2003,200000
1883,7,1725,2.0,840.0,2,2002,140000
1884,7,1870,2.0,944.0,2,2001,190000
1885,8,1513,2.0,1462.0,2,1999,190000
1886,8,1828,2.0,1822.0,2,2002,275000
1887,7,1417,2.0,1417.0,2,1997,180000
1888,8,1602,3.0,1578.0,2,2007,190000
1889,6,1396,2.0,608.0,2,2007,140000
1890,4,1149,1.0,1014.0,1,1960,135000
1891,6,1072,2.0,547.0,1,2005,100000
1892,4,876,1.0,876.0,1,1959,110000
1893,5,1368,1.0,1078.0,1,1950,135000
1894,5,1678,0.0,1678.0,2,1959,275000
1895,5,1560,1.0,1150.0,1,1956,190000
1896,5,1298,1.0,720.0,1,1941,140000
1897,5,1268,1.0,832.0,1,1938,140000
1898,6,1242,1.0,583.0,1,1935,140000
1899,6,1232,2.0,816.0,1,1916,140000
1900,7,1228,1.0,600.0,1,1918,140000
1901,5,1567,2.0,840.0,1,1940,140000
1902,5,1273,1.0,1273.0,1,1960,143000
1903,7,2480,2.0,920.0,2,1940,200000
1904,5,1112,1.0,1112.0,1,1954,125000
1905,6,1561,2.0,1561.0,2,1960,190000
1906,5,1523,1.0,1067.0,2,1949,135000
1907,6,1906,2.0,1310.0,1,1954,190000
1908,6,1032,2.0,516.0,1,1980,100000
1909,6,1229,2.0,561.0,1,1980,100000
1910,6,1229,2.0,561.0,1,1980,100000
1911,6,1982,2.0,572.0,2,1986,169000
1912,7,2365,2.0,1803.0,2,1971,320000
1913,5,2168,2.0,760.0,2,1900,169000
1914,4,572,1.0,572.0,1,1925,86000
1915,8,1648,2.0,1596.0,2,2007,190000
1916,2,810,1.0,0.0,1,1910,72500
1917,8,2052,3.0,1107.0,2,2000,190000
1918,6,926,1.0,902.0,1,1977,110000
1919,6,1287,2.0,957.0,1,1977,135000
1920,5,1595,2.0,1582.0,2,1991,190000
1921,9,2036,3.0,2190.0,2,2008,385000
1922,9,1641,3.0,1641.0,2,2008,275000
1923,6,2237,2.0,712.0,2,1980,169000
1924,7,1479,2.0,1645.0,2,1987,232000
1925,7,2014,2.0,912.0,2,2003,190000
1926,9,1978,3.0,1978.0,2,2007,385000
1927,5,1008,1.0,1008.0,1,1968,125000
1928,5,1404,2.0,1188.0,2,1969,145000
1929,5,796,1.0,796.0,1,1972,120500
1930,6,1091,1.0,384.0,1,1993,100000
1931,5,883,2.0,828.0,1,1992,110000
1932,5,1287,2.0,624.0,1,1992,140000
1933,5,1632,2.0,784.0,1,1969,140000
1934,6,1604,2.0,926.0,2,1997,140000
1935,6,1470,2.0,680.0,2,1995,140000
1936,6,1604,2.0,926.0,2,1998,140000
1937,6,1636,2.0,916.0,2,1996,140000
1938,5,1384,2.0,1348.0,2,1996,143000
1939,8,1682,2.0,1664.0,1,1997,275000
1940,8,1280,2.0,1280.0,2,1992,141000
1941,6,1633,2.0,932.0,2,1998,140000
1942,6,1709,2.0,836.0,2,1991,140000
1943,8,1337,2.0,1337.0,2,1989,143000
1944,8,2500,3.0,1168.0,3,2005,250000
1945,9,1884,3.0,1884.0,2,2004,385000
1946,6,1474,2.0,1632.0,1,1952,232000
1947,9,1710,2.0,1710.0,2,2007,275000
1948,6,1488,2.0,1488.0,2,1950,190000
1949,7,1688,2.0,1675.0,2,1988,275000
1950,7,1260,2.0,1260.0,2,1983,141000
1951,7,2064,2.0,2048.0,2,1978,278000
1952,7,1782,2.0,1782.0,2,1979,275000
1953,6,1211,2.0,1211.0,2,1976,141000
1954,7,2044,2.0,738.0,2,1980,197000
1955,5,1308,2.0,720.0,1,1969,140000
1956,7,2840,4.0,1420.0,2,1978,325000
1957,6,1444,2.0,1444.0,2,1976,167000
1958,8,2340,3.0,1236.0,2,1996,200000
1959,5,1792,2.0,896.0,2,1974,140000
1960,4,936,1.0,936.0,1,1969,110000
1961,5,864,2.0,864.0,1,1971,110000
1962,6,987,1.0,483.0,1,1973,100000
1963,6,987,1.0,483.0,1,1972,100000
1964,5,1302,1.0,630.0,2,1972,140000
1965,6,1456,2.0,855.0,2,1975,140000
1966,7,1055,2.0,1055.0,2,1977,125000
1967,8,1582,3.0,1582.0,2,2007,190000
1968,8,2464,3.0,2418.0,2,2007,466500
1969,9,1950,3.0,1950.0,2,2007,385000
1970,9,2748,3.0,1850.0,2,2006,320000
1971,10,2790,4.0,1620.0,2,2005,320000
1972,9,2331,3.0,1414.0,2,2005,250000
1973,8,2088,3.0,948.0,2,2007,190000
1974,8,2332,3.0,1148.0,2,2004,200000
1975,10,2470,3.0,2535.0,1,2003,466500
1976,8,1575,3.0,1603.0,2,2003,232000
1977,8,2649,3.0,1479.0,2,2001,325000
1978,8,2690,3.0,1765.0,2,2003,320000
1979,9,1866,3.0,1858.0,2,2008,385000
1980,7,1367,2.0,1367.0,2,2005,143000
1981,9,1800,3.0,1800.0,2,2007,275000
1982,8,1342,2.0,1342.0,2,2006,143000
1983,8,1342,2.0,1342.0,2,2006,143000
1984,7,1626,2.0,764.0,2,2003,140000
1985,7,1455,3.0,1415.0,2,2003,180000
1986,7,1576,3.0,1393.0,2,2004,190000
1987,7,1246,2.0,1146.0,2,2007,135000
1988,6,1515,2.0,789.0,2,2004,140000
1989,7,1720,2.0,840.0,2,2002,140000
1990,7,1986,2.0,847.0,2,2003,197000
1991,7,1358,2.0,1350.0,2,2007,143000
1992,7,1892,2.0,982.0,2,2000,190000
1993,7,1414,2.0,707.0,2,2002,140000
1994,7,2322,2.0,1037.0,2,1999,200000
1995,7,1651,2.0,831.0,2,1999,140000
1996,8,2199,2.0,1173.0,2,1997,200000
1997,9,2172,3.0,1519.0,2,2000,240000
1998,8,2006,3.0,1982.0,2,1998,278000
1999,7,2125,2.0,1064.0,2,1996,200000
2000,8,2501,3.0,1242.0,2,1995,250000
2001,7,2197,3.0,1080.0,2,1993,200000
2002,7,1578,3.0,1578.0,2,2006,190000
2003,8,1861,3.0,1341.0,3,2007,190000
2004,8,1874,3.0,955.0,2,2007,190000
2005,8,1460,2.0,1460.0,2,2006,167000
2006,8,1372,2.0,1363.0,2,2007,143000
2007,8,1660,3.0,1660.0,2,2007,275000
2008,7,1218,2.0,1218.0,2,2007,141000
2009,6,1696,2.0,835.0,2,2003,140000
2010,7,1663,2.0,835.0,2,2003,140000
2011,6,1175,0.0,1175.0,1,2005,141000
2012,7,1162,2.0,1162.0,2,2007,125000
2013,6,1609,2.0,754.0,2,1995,140000
2014,6,1680,2.0,886.0,2,1993,140000
2015,7,1657,2.0,832.0,2,1994,140000
2016,6,1677,2.0,827.0,2,2001,140000
2017,7,1737,2.0,836.0,2,1992,140000
2018,5,984,1.0,984.0,1,1963,125000
2019,5,864,1.0,864.0,1,1961,110000
2020,5,890,1.0,890.0,1,1968,110000
2021,5,864,1.0,864.0,1,1963,110000
2022,6,1430,2.0,1430.0,2,1974,167000
2023,5,1641,2.0,1001.0,2,1972,140000
2024,6,2683,2.0,930.0,2,1990,200000
2025,9,2786,2.0,1848.0,2,1993,320000
2026,7,1245,2.0,1235.0,2,2004,141000
2027,6,1200,2.0,600.0,2,2005,100000
2028,7,1392,2.0,689.0,2,2007,140000
2029,6,1549,2.0,744.0,2,1999,140000
2030,9,1638,2.0,1614.0,2,2000,190000
2031,9,1310,2.0,1310.0,1,2001,143000
2032,9,1419,2.0,1419.0,1,2001,180000
2033,9,1557,2.0,1557.0,2,1999,190000
2034,7,1404,2.0,672.0,2,1999,140000
2035,7,1789,2.0,858.0,2,2001,140000
2036,8,1586,2.0,960.0,2,1999,140000
2037,8,1607,2.0,960.0,2,1999,140000
2038,10,2393,2.0,970.0,2,1998,200000
2039,8,1239,2.0,1230.0,1,1995,141000
2040,9,2944,3.0,994.0,2,1977,299800
2041,8,1671,2.0,1426.0,3,1976,190000
2042,7,1812,2.0,952.0,2,2002,190000
2043,6,1427,2.0,1427.0,2,1969,167000
2044,6,1740,2.0,1740.0,1,1968,275000
2045,7,1620,2.0,1620.0,2,1967,275000
2046,5,1625,2.0,1625.0,2,1965,275000
2047,5,1464,2.0,732.0,1,1968,140000
2048,5,925,2.0,912.0,1,1965,110000
2049,5,1728,2.0,1728.0,2,1965,275000
2050,7,1670,2.0,825.0,1,1971,140000
2051,5,1014,1.0,0.0,1,1956,82000
2052,5,1114,2.0,1114.0,1,1961,125000
2053,5,1118,1.0,1118.0,1,1960,125000
2054,4,906,1.0,348.0,1,1937,100000
2055,5,1496,2.0,1296.0,2,1960,190000
2056,5,1337,1.0,572.0,1,1950,140000
2057,5,1036,1.0,1036.0,1,1953,125000
2058,6,1988,2.0,1104.0,2,1966,190000
2059,5,1176,1.0,1176.0,1,1957,141000
2060,5,1440,1.0,1248.0,2,1959,180000
2061,6,1570,2.0,1395.0,1,1958,190000
2062,5,1104,1.0,1104.0,1,1956,125000
2063,5,882,1.0,720.0,1,1952,100000
2064,5,1152,2.0,1152.0,1,1953,141000
2065,5,950,2.0,984.0,1,1953,125000
2066,6,1790,2.0,998.0,2,1957,190000
2067,5,1764,1.0,0.0,2,1957,90000
2068,5,1824,2.0,1824.0,2,1957,385000
2069,4,869,1.0,0.0,1,1948,82000
2070,5,1159,1.0,747.0,1,1925,140000
2071,4,672,1.0,672.0,1,1940,86000
2072,5,1436,4.0,892.0,1,1922,140000
2073,5,1044,2.0,912.0,1,1968,110000
2074,7,1312,2.0,1312.0,1,1958,143000
2075,6,1081,1.0,1081.0,1,1960,125000
2076,5,876,2.0,876.0,1,1951,110000
2077,5,1256,1.0,1256.0,1,1959,141000
2078,5,1027,1.0,1027.0,1,1962,125000
2079,6,1320,2.0,768.0,2,1948,140000
2080,6,984,1.0,936.0,1,1954,110000
2081,6,1278,1.0,854.0,1,1954,140000
2082,5,1800,0.0,1800.0,2,1961,275000
2083,5,1588,2.0,768.0,1,1955,140000
2084,5,825,1.0,825.0,1,1954,120500
2085,5,1117,1.0,1117.0,1,1963,125000
2086,6,1133,1.0,192.0,1,2008,97000
2087,5,1323,2.0,780.0,1,1948,140000
2088,5,1360,1.0,680.0,1,1910,140000
2089,5,672,1.0,672.0,1,1940,86000
2090,6,1456,1.0,728.0,1,1915,140000
2091,4,1594,0.0,828.0,2,1910,140000
2092,4,1656,2.0,801.0,2,1940,140000
2093,5,1740,1.0,936.0,1,1920,190000
2094,7,1027,0.0,931.0,1,1920,110000
2095,6,1436,2.0,884.0,2,1940,140000
2096,5,899,1.0,481.0,1,1910,100000
2097,5,1080,0.0,684.0,1,1890,115000
2098,5,1499,3.0,904.0,1,1946,140000
2099,2,407,1.0,407.0,1,1946,86000
2100,3,1588,0.0,448.0,2,1949,140000
2101,5,1627,2.0,797.0,2,1900,140000
2102,7,1450,1.0,624.0,1,1920,140000
2103,5,1017,1.0,346.0,1,1900,100000
2104,5,2350,2.0,973.0,2,1920,200000
2105,5,1540,0.0,572.0,1,1905,140000
2106,2,1086,2.0,723.0,1,1920,115000
2107,7,2495,2.0,1313.0,2,1890,325000
2108,5,984,1.0,984.0,1,1959,125000
2109,4,1093,1.0,869.0,1,1958,110000
2110,5,1143,1.0,1008.0,1,1928,135000
2111,7,1668,1.0,672.0,1,1945,140000
2112,5,1738,1.0,1024.0,2,1935,190000
2113,5,1210,1.0,672.0,1,1941,140000
2114,6,1290,1.0,554.0,1,1900,140000
2115,6,1672,1.0,981.0,1,1940,190000
2116,5,949,2.0,949.0,1,1924,125000
2117,6,1497,1.0,825.0,2,1937,140000
2118,6,1342,1.0,739.0,2,1939,140000
2119,6,1013,1.0,992.0,1,1926,110000
2120,5,1216,1.0,565.0,1,1920,140000
2121,4,896,1.0,1005.0,1,1946,125000
2122,4,1136,1.0,704.0,1,1929,115000
2123,5,808,1.0,0.0,1,1945,72500
2124,7,2009,2.0,989.0,2,1939,190000
2125,5,1902,2.0,1100.0,2,1923,190000
2126,6,1716,2.0,810.0,2,1915,140000
2127,6,1984,1.0,1242.0,2,1910,190000
2128,6,1609,1.0,796.0,1,1910,140000
2129,6,768,2.0,768.0,1,1930,120500
2130,6,1536,1.0,768.0,1,1952,140000
2131,6,1969,2.0,1272.0,2,1938,190000
2132,5,1308,2.0,880.0,2,1915,140000
2133,6,1040,2.0,1040.0,1,1925,125000
2134,6,1236,1.0,768.0,2,1925,140000
2135,5,759,2.0,451.0,1,1912,109500
2136,3,1344,0.0,536.0,2,1915,140000
2137,5,1054,1.0,1046.0,1,1947,125000
2138,5,1075,2.0,981.0,1,1963,110000
2139,6,1096,2.0,1008.0,1,1978,135000
2140,5,992,1.0,992.0,1,1967,125000
2141,6,1034,2.0,450.0,1,1978,100000
2142,5,1073,1.0,1073.0,1,1967,125000
2143,5,1126,2.0,1060.0,1,1984,135000
2144,5,1140,2.0,1300.0,1,1920,125000
2145,5,960,1.0,960.0,1,1963,125000
2146,6,1188,2.0,988.0,1,1956,135000
2147,5,1721,2.0,988.0,2,1960,190000
2148,5,1350,3.0,576.0,1,1941,140000
2149,5,904,3.0,864.0,1,1970,110000
2150,7,1524,2.0,1524.0,2,1979,190000
2151,7,1079,1.0,570.0,1,1948,100000
2152,5,1518,0.0,1580.0,1,1940,232000
2153,5,1509,1.0,1509.0,1,1956,190000
2154,5,864,0.0,864.0,1,1975,110000
2155,6,1269,1.0,621.0,1,1962,140000
2156,6,2814,2.0,1077.0,2,1995,299800
2157,7,1626,2.0,1602.0,2,1994,190000
2158,7,2200,2.0,812.0,2,1993,197000
2159,7,2037,2.0,672.0,2,1996,169000
2160,7,1356,2.0,628.0,2,2007,140000
2161,8,1615,3.0,1615.0,2,2007,190000
2162,9,2276,3.0,2271.0,2,2008,278000
2163,9,1766,3.0,1751.0,2,2008,275000
2164,8,1511,3.0,1401.0,2,1995,190000
2165,6,1643,2.0,1182.0,2,1966,190000
2166,5,990,2.0,990.0,1,1994,125000
2167,7,1418,2.0,1418.0,2,1997,180000
2168,6,1771,2.0,864.0,2,1997,140000
2169,7,1652,2.0,782.0,2,2000,140000
2170,7,1823,2.0,928.0,2,2000,160000
2171,5,1174,2.0,864.0,1,1978,135000
2172,5,1076,2.0,1076.0,1,1975,125000
2173,5,1558,2.0,864.0,2,1975,140000
2174,7,2161,2.0,1257.0,2,2001,200000
2175,9,1947,3.0,1357.0,2,2001,190000
2176,8,1786,3.0,1778.0,2,2002,275000
2177,7,2327,2.0,1129.0,2,2003,200000
2178,8,1764,2.0,850.0,2,1999,140000
2179,6,848,2.0,848.0,1,2004,120500
2180,6,1838,3.0,1838.0,2,1997,275000
2181,7,1445,2.0,1445.0,2,2004,167000
2182,7,1564,3.0,1564.0,2,2007,190000
2183,7,1361,2.0,1351.0,2,2007,143000
2184,5,1092,1.0,1092.0,1,1966,125000
2185,5,1033,2.0,456.0,1,1976,100000
2186,6,1127,2.0,1127.0,1,1976,125000
2187,6,1117,2.0,1029.0,1,1977,135000
2188,6,1398,2.0,684.0,1,1976,140000
2189,5,3820,2.0,0.0,3,1959,381000
2190,4,1152,0.0,0.0,2,1955,82000
2191,4,1152,0.0,0.0,2,1955,82000
2192,4,784,0.0,784.0,1,1955,120500
2193,5,1053,0.0,585.0,1,1938,100000
2194,5,1137,0.0,0.0,1,1947,82000
2195,4,930,1.0,911.0,1,1953,110000
2196,4,1204,1.0,416.0,1,1954,112000
2197,4,1292,1.0,949.0,1,1923,135000
2198,7,1424,1.0,1228.0,2,1921,180000
2199,6,1920,2.0,960.0,2,1930,190000
2200,6,1316,1.0,644.0,1,1926,140000
2201,6,1264,2.0,676.0,1,1914,140000
2202,8,1512,1.0,798.0,2,1925,140000
2203,6,1603,2.0,784.0,1,1923,140000
2204,5,1938,1.0,942.0,2,1937,190000
2205,5,1374,1.0,884.0,1,1938,140000
2206,6,1091,1.0,1091.0,1,1951,125000
2207,8,1873,2.0,608.0,1,1935,187000
2208,7,2161,2.0,832.0,2,1950,200000
2209,5,1898,2.0,1898.0,2,1956,385000
2210,6,1032,2.0,516.0,1,1980,100000
2211,6,919,1.0,894.0,1,1926,110000
2212,6,1090,1.0,720.0,1,1940,115000
2213,5,1200,0.0,780.0,1,1930,140000
2214,5,1656,1.0,624.0,1,1967,140000
2215,5,912,1.0,520.0,1,1930,100000
2216,5,1955,1.0,1151.0,2,1958,190000
2217,1,733,2.0,0.0,1,1952,72500
2218,4,1361,1.0,173.0,1,1895,112000
2219,4,1049,1.0,356.0,1,1910,100000
2220,4,864,1.0,592.0,1,1920,100000
2221,8,1648,2.0,1596.0,2,2007,190000
2222,7,1646,2.0,1594.0,2,2004,190000
2223,7,2032,3.0,1840.0,3,1996,320000
2224,7,1820,3.0,910.0,2,1996,160000
2225,5,1872,2.0,0.0,2,1976,90000
2226,4,1689,2.0,1680.0,2,1991,275000
2227,7,1501,2.0,1277.0,2,1986,180000
2228,8,1537,3.0,1518.0,2,2006,190000
2229,8,1780,2.0,920.0,2,2007,140000
2230,5,1442,2.0,352.0,2,2006,112000
2231,7,1612,3.0,796.0,2,2008,140000
2232,6,1495,2.0,1495.0,2,1989,167000
2233,6,1256,2.0,1256.0,2,1986,141000
2234,8,1440,2.0,1432.0,2,2003,180000
2235,6,1675,2.0,1666.0,2,1999,275000
2236,8,1728,2.0,1884.0,2,2007,232000
2237,8,1964,3.0,1964.0,2,2005,385000
2238,7,1344,4.0,1344.0,2,1997,143000
2239,5,1092,0.0,1092.0,1,2007,125000
2240,6,1189,2.0,1189.0,2,1997,141000
2241,4,1200,3.0,1200.0,1,1964,141000
2242,5,1040,2.0,1040.0,1,1975,125000
2243,5,1475,1.0,550.0,2,1976,140000
2244,4,988,1.0,526.0,1,1973,100000
2245,4,988,1.0,462.0,1,1973,100000
2246,5,1160,1.0,1113.0,1,1968,135000
2247,6,1092,0.0,546.0,2,1970,100000
2248,5,816,1.0,816.0,1,1983,120500
2249,5,845,1.0,845.0,1,1982,120500
2250,5,889,2.0,864.0,1,1984,110000
2251,5,1836,1.0,686.0,2,1900,197000
2252,6,1587,2.0,1587.0,2,1971,190000
2253,6,1384,2.0,384.0,2,1997,112000
2254,6,1694,2.0,392.0,2,1994,90000
2255,6,1714,2.0,923.0,2,1999,140000
2256,7,1553,2.0,691.0,2,1996,140000
2257,6,2299,2.0,938.0,3,1999,200000
2258,7,1187,2.0,1168.0,2,1992,141000
2259,6,1642,2.0,903.0,2,1993,140000
2260,6,1128,2.0,1302.0,1,1964,125000
2261,8,1179,2.0,1166.0,2,1988,141000
2262,8,1321,2.0,1312.0,1,1990,143000
2263,8,2541,3.0,1149.0,3,2005,250000
2264,9,2338,3.0,2660.0,2,2006,555000
2265,5,1424,3.0,1100.0,1,1969,135000
2266,9,1612,2.0,1612.0,2,2006,190000
2267,8,2234,2.0,2220.0,1,2006,278000
2268,10,2042,3.0,1742.0,2,2006,240000
2269,6,1284,2.0,1284.0,2,1984,141000
2270,7,1479,2.0,725.0,2,1981,140000
2271,7,1664,2.0,1529.0,2,1978,190000
2272,7,1930,2.0,780.0,2,1979,197000
2273,6,1177,2.0,1153.0,2,1984,135000
2274,6,1353,2.0,1259.0,2,1979,143000
2275,6,1220,2.0,1625.0,2,1971,125000
2276,7,1324,2.0,1228.0,2,1976,143000
2277,6,1877,2.0,1084.0,2,1974,190000
2278,5,1422,2.0,925.0,1,1970,140000
2279,5,914,1.0,914.0,1,1970,110000
2280,4,914,1.0,914.0,1,1961,110000
2281,6,1337,2.0,1337.0,2,2001,143000
2282,6,1337,2.0,1405.0,2,1997,125000
2283,6,1092,1.0,525.0,1,1973,100000
2284,6,1218,1.0,672.0,1,1973,140000
2285,7,1055,1.0,1061.0,2,1978,125000
2286,5,988,1.0,988.0,1,1966,125000
2287,9,1816,3.0,1790.0,2,2006,275000
2288,8,1694,3.0,1694.0,2,2006,275000
2289,8,2122,3.0,2108.0,2,2007,278000
2290,9,2656,3.0,1934.0,2,2007,320000
2291,8,2550,3.0,1108.0,2,2006,200000
2292,10,2046,3.0,1994.0,2,2005,278000
2293,9,2552,3.0,2552.0,2,2007,466500
2294,9,2758,3.0,1704.0,2,2005,320000
2295,10,2290,3.0,2320.0,2,2007,611657
2296,8,2152,2.0,1582.0,2,2007,240000
2297,8,2100,3.0,918.0,2,2007,190000
2298,9,1802,3.0,1802.0,2,2006,275000
2299,8,2956,3.0,1706.0,2,2004,320000
2300,8,2385,3.0,1317.0,2,2003,250000
2301,8,1818,3.0,895.0,2,2007,140000
2302,7,1614,3.0,1614.0,2,2005,190000
2303,8,1721,2.0,1721.0,2,2005,275000
2304,8,1828,3.0,1298.0,2,2006,190000
2305,6,1302,2.0,1302.0,1,2005,143000
2306,6,1302,2.0,1302.0,1,2005,143000
2307,6,1362,2.0,1362.0,2,2005,143000
2308,8,1554,2.0,1554.0,2,2006,190000
2309,9,1577,2.0,1577.0,2,2005,190000
2310,8,1324,2.0,1324.0,2,2006,143000
2311,7,1405,2.0,1405.0,2,2003,180000
2312,6,1496,2.0,768.0,3,2007,140000
2313,6,1536,2.0,768.0,2,2005,140000
2314,7,1458,2.0,608.0,2,2006,140000
2315,6,1495,2.0,738.0,2,2006,140000
2316,6,1746,3.0,698.0,2,2006,140000
2317,6,1326,2.0,1326.0,2,2005,143000
2318,6,1504,2.0,752.0,2,2007,140000
2319,7,1456,2.0,728.0,2,2007,140000
2320,7,1258,2.0,1246.0,2,2007,141000
2321,8,1589,3.0,1406.0,2,2003,190000
2322,7,1266,2.0,1266.0,2,2007,141000
2323,7,1119,2.0,835.0,2,2004,110000
2324,7,1374,2.0,384.0,2,2004,112000
2325,7,1525,2.0,1510.0,2,2006,190000
2326,7,1394,2.0,384.0,2,2003,112000
2327,7,1948,2.0,847.0,2,2003,215000
2328,7,1995,2.0,854.0,2,2002,197000
2329,6,1690,2.0,915.0,2,2000,140000
2330,6,1644,2.0,941.0,2,1999,140000
2331,8,2551,3.0,1779.0,2,1997,320000
2332,9,3078,3.0,1408.0,2,1998,438780
2333,8,2582,3.0,1389.0,2,1998,325000
2334,7,2385,3.0,1066.0,2,1998,200000
2335,8,2202,2.0,1105.0,2,1992,200000
2336,8,2538,3.0,1325.0,2,1996,250000
2337,7,1369,2.0,1369.0,2,2007,143000
2338,8,1542,3.0,1542.0,2,2007,190000
2339,8,1534,2.0,1524.0,2,2006,190000
2340,10,1966,3.0,1966.0,2,2007,385000
2341,7,1528,2.0,1528.0,3,2007,190000
2342,8,1538,2.0,1538.0,2,2005,190000
2343,7,1506,2.0,1494.0,2,2005,190000
2344,7,1977,3.0,982.0,2,2006,190000
2345,8,1830,3.0,1302.0,2,2006,190000
2346,8,1338,2.0,1338.0,2,2007,143000
2347,7,1335,2.0,1335.0,2,2006,143000
2348,8,1792,2.0,896.0,2,2007,140000
2349,5,1588,2.0,725.0,3,2007,140000
2350,8,1880,3.0,955.0,2,2007,190000
2351,8,1584,2.0,1574.0,2,2007,190000
2352,8,1685,3.0,1685.0,2,2006,275000
2353,6,2443,3.0,1158.0,2,2004,200000
2354,6,1100,0.0,1100.0,1,2006,125000
2355,7,1143,0.0,1143.0,1,2006,125000
2356,5,1094,2.0,1094.0,1,2003,125000
2357,7,1486,2.0,1461.0,2,2006,190000
2358,6,1820,2.0,864.0,2,1993,140000
2359,6,1266,1.0,630.0,1,1980,140000
2360,5,894,1.0,894.0,1,1977,110000
2361,5,1040,2.0,1040.0,1,1968,125000
2362,7,2503,2.0,1223.0,2,1990,250000
2363,5,1037,2.0,1037.0,1,1974,125000
2364,6,1055,2.0,1044.0,1,1973,125000
2365,8,1378,2.0,1378.0,2,2004,143000
2366,8,1151,2.0,1141.0,2,2006,141000
2367,8,1565,2.0,1511.0,2,2006,190000
2368,7,1352,2.0,1352.0,2,2006,143000
2369,8,1550,2.0,1550.0,2,2006,190000
2370,6,1501,2.0,744.0,2,1999,140000
2371,6,1573,2.0,756.0,2,2000,140000
2372,7,1358,2.0,1339.0,2,1999,143000
2373,8,2048,2.0,1054.0,2,2003,190000
2374,8,2362,2.0,1220.0,2,1998,200000
2375,8,1494,2.0,1494.0,1,1994,167000
2376,7,2362,2.0,2002.0,2,1980,320000
2377,8,2497,2.0,2461.0,2,1981,466500
2378,6,1152,2.0,912.0,1,1968,135000
2379,6,2411,2.0,1008.0,2,1970,200000
2380,6,1082,2.0,973.0,1,1969,110000
2381,6,1295,2.0,1295.0,1,1968,143000
2382,7,1610,2.0,1124.0,2,1972,190000
2383,7,1594,2.0,1594.0,2,1993,190000
2384,7,2075,2.0,1148.0,2,1993,190000
2385,6,1093,2.0,1093.0,2,1966,125000
2386,6,1052,1.0,1052.0,1,1963,125000
2387,5,1107,1.0,949.0,1,1967,135000
2388,4,1224,3.0,0.0,2,1964,101800
2389,5,1074,2.0,894.0,1,1956,110000
2390,5,1187,2.0,864.0,1,1961,135000
2391,5,964,2.0,964.0,1,1961,125000
2392,5,894,1.0,894.0,1,1960,110000
2393,7,1200,2.0,1174.0,2,1966,135000
2394,6,1042,2.0,1042.0,2,1965,125000
2395,6,2154,2.0,845.0,2,1964,200000
2396,6,1374,1.0,1130.0,1,1964,135000
2397,6,1652,2.0,1592.0,1,1959,275000
2398,5,908,2.0,822.0,1,1940,110000
2399,3,666,0.0,666.0,1,1946,86000
2400,3,670,0.0,370.0,1,1945,109500
2401,5,808,1.0,808.0,1,1958,120500
2402,5,1150,1.0,1078.0,1,1955,135000
2403,5,1560,3.0,1560.0,2,1968,190000
2404,5,1280,2.0,793.0,2,1966,140000
2405,6,1254,2.0,1218.0,1,1961,143000
2406,6,936,1.0,936.0,1,1957,110000
2407,5,1008,1.0,1008.0,1,1956,125000
2408,5,1053,2.0,1053.0,1,1963,125000
2409,5,1144,1.0,1144.0,1,1960,125000
2410,6,1721,2.0,1331.0,1,1957,190000
2411,5,922,1.0,922.0,1,1957,110000
2412,5,1411,1.0,1204.0,1,1955,143000
2413,5,1216,1.0,1216.0,1,1955,141000
2414,5,1154,1.0,864.0,1,1953,135000
2415,5,1560,2.0,1560.0,2,1958,190000
2416,6,948,2.0,948.0,1,1952,125000
2417,6,1040,1.0,1040.0,1,1953,125000
2418,5,925,1.0,925.0,1,1956,110000
2419,4,1540,1.0,1190.0,1,1955,190000
2420,5,925,1.0,923.0,1,1955,110000
2421,4,1647,1.0,1105.0,1,1953,190000
2422,5,924,1.0,924.0,1,1952,110000
2423,4,1544,0.0,925.0,2,1890,140000
2424,5,1728,1.0,1216.0,1,1953,190000
2425,5,3086,3.0,666.0,3,1935,381000
2426,4,1281,2.0,1151.0,2,1925,135000
2427,5,1534,0.0,736.0,1,1895,140000
2428,7,1651,1.0,725.0,2,1963,140000
2429,5,888,1.0,920.0,1,1961,125000
2430,6,952,1.0,952.0,1,1968,110000
2431,5,1238,1.0,864.0,1,1950,140000
2432,5,1040,1.0,1040.0,1,1959,125000
2433,5,1170,1.0,1170.0,1,1958,141000
2434,5,1242,1.0,1242.0,1,1960,141000
2435,5,1377,1.0,1377.0,1,1960,180000
2436,5,925,1.0,0.0,1,1961,82000
2437,5,864,1.0,864.0,1,1962,110000
2438,5,936,1.0,896.0,1,1962,110000
2439,5,960,2.0,850.0,1,1926,110000
2440,6,1296,2.0,845.0,1,1927,140000
2441,5,1022,1.0,1022.0,1,1922,125000
2442,5,967,1.0,967.0,1,1920,125000
2443,5,1072,2.0,808.0,1,1940,110000
2444,5,1174,2.0,680.0,1,1900,140000
2445,4,1141,1.0,570.0,1,1900,100000
2446,4,1798,2.0,1075.0,2,1900,190000
2447,8,1772,2.0,725.0,2,1910,140000
2448,6,1642,1.0,728.0,1,1927,140000
2449,5,1232,2.0,616.0,1,1910,140000
2450,6,1650,2.0,926.0,2,1910,140000
2451,5,1358,1.0,687.0,1,1930,140000
2452,7,2454,2.0,819.0,2,1879,242000
2453,4,968,1.0,0.0,1,1956,82000
2454,4,1382,1.0,0.0,2,1949,90000
2455,5,1060,1.0,756.0,1,1925,115000
2456,5,1435,1.0,910.0,1,1950,140000
2457,5,1274,1.0,728.0,2,1939,140000
2458,6,1232,1.0,600.0,1,1939,140000
2459,5,884,1.0,884.0,1,1939,110000
2460,6,1409,2.0,861.0,1,1938,140000
2461,5,1322,1.0,672.0,1,1939,140000
2462,5,1426,1.0,966.0,1,1930,140000
2463,5,1281,2.0,756.0,1,1926,140000
2464,6,2264,1.0,1100.0,2,1918,200000
2465,6,1376,2.0,768.0,1,1920,140000
2466,5,1316,2.0,750.0,1,1926,140000
2467,7,1344,2.0,672.0,1,1929,140000
2468,5,1173,1.0,592.0,2,1901,140000
2469,5,1214,1.0,969.0,1,1901,135000
2470,6,2294,2.0,741.0,3,1963,169000
2471,7,1952,1.0,976.0,1,1950,190000
2472,6,2180,2.0,1138.0,1,1915,200000
2473,4,1315,2.0,808.0,2,1958,140000
2474,4,1484,1.0,771.0,2,1910,140000
2475,7,2267,2.0,1005.0,1,1937,200000
2476,5,1282,1.0,672.0,1,1942,140000
2477,5,999,1.0,925.0,1,1963,110000
2478,5,1452,2.0,1420.0,1,1964,190000
2479,4,1005,2.0,1005.0,1,1964,125000
2480,5,1020,2.0,980.0,2,1964,110000
2481,5,1040,1.0,1040.0,1,1966,125000
2482,5,868,2.0,768.0,1,1971,100000
2483,5,897,1.0,876.0,1,1968,110000
2484,5,943,2.0,943.0,1,1967,110000
2485,5,912,1.0,912.0,1,1966,110000
2486,5,1375,1.0,1240.0,1,1956,143000
2487,5,2654,2.0,671.0,3,1920,242000
2488,7,1302,1.0,680.0,1,1940,140000
2489,6,1299,2.0,967.0,1,1954,135000
2490,5,1176,1.0,1158.0,1,1958,141000
2491,4,998,2.0,0.0,1,1945,82000
2492,6,1522,2.0,1190.0,2,1984,180000
2493,5,1325,2.0,409.0,2,1948,112000
2494,5,1630,2.0,1073.0,2,1953,190000
2495,4,1242,1.0,484.0,1,1946,112000
2496,6,2422,2.0,1288.0,3,1954,250000
2497,6,1626,1.0,988.0,1,1954,140000
2498,5,864,1.0,864.0,1,1958,110000
2499,4,943,1.0,0.0,1,1958,82000
2500,5,1038,1.0,1038.0,2,1984,125000
2501,5,1342,1.0,1342.0,1,1951,143000
2502,5,1480,1.0,1080.0,1,1951,135000
2503,4,1362,1.0,951.0,2,1920,140000
2504,6,1822,2.0,1105.0,2,1984,190000
2505,7,1958,2.0,779.0,2,1994,197000
2506,8,1651,3.0,1643.0,2,2007,275000
2507,8,2140,3.0,2140.0,2,2006,278000
2508,8,1651,3.0,1643.0,2,2007,275000
2509,7,1546,3.0,1546.0,2,2005,190000
2510,8,1500,2.0,1489.0,2,2006,190000
2511,7,1270,2.0,1270.0,2,2005,141000
2512,7,1795,2.0,879.0,2,2005,140000
2513,7,1873,2.0,929.0,2,1988,190000
2514,8,1743,2.0,966.0,0,1976,190000
2515,5,1022,2.0,1022.0,1,1994,125000
2516,6,1308,2.0,635.0,2,1997,140000
2517,5,990,1.0,990.0,1,1994,125000
2518,5,1097,1.0,1097.0,1,1996,125000
2519,7,1873,2.0,988.0,2,1999,190000
2520,7,1753,2.0,853.0,2,1998,140000
2521,7,1690,2.0,845.0,2,2001,140000
2522,7,1842,2.0,985.0,2,2000,190000
2523,5,894,2.0,864.0,1,1974,110000
2524,5,1025,2.0,1015.0,2,1976,110000
2525,5,1009,2.0,995.0,2,1977,110000
2526,5,1040,2.0,1040.0,1,1977,125000
2527,5,907,1.0,876.0,1,1977,110000
2528,5,879,2.0,864.0,1,1975,110000
2529,5,864,2.0,864.0,1,1972,110000
2530,4,875,2.0,385.0,1,1972,109500
2531,7,1673,2.0,1673.0,2,2000,275000
2532,7,1932,2.0,979.0,2,2003,190000
2533,7,1729,2.0,860.0,2,2002,140000
2534,8,1592,2.0,1556.0,2,1994,190000
2535,8,2439,2.0,1531.0,2,2001,315000
2536,7,1992,2.0,860.0,2,1996,215000
2537,8,1341,2.0,1341.0,1,1999,143000
2538,7,1476,2.0,738.0,2,2007,140000
2539,7,1190,2.0,1169.0,2,2005,135000
2540,6,1330,2.0,1330.0,2,2006,143000
2541,7,1491,2.0,738.0,2,2006,140000
2542,5,1536,2.0,768.0,2,2005,140000
2543,5,936,1.0,936.0,1,1967,110000
2544,4,1088,2.0,1088.0,1,1963,125000
2545,5,1351,2.0,901.0,1,1925,140000
2546,6,1179,2.0,1179.0,1,1960,141000
2547,6,1044,2.0,960.0,1,1976,110000
2548,5,2233,2.0,0.0,2,1979,142953
2549,5,1408,2.0,734.0,2,2005,140000
2550,10,5095,3.0,5095.0,2,2008,430000
2551,6,1072,2.0,547.0,1,2005,100000
2552,5,960,1.0,960.0,1,1959,125000
2553,4,1152,0.0,0.0,2,1955,82000
2554,5,1195,0.0,1195.0,2,1946,141000
2555,6,865,1.0,660.0,1,1920,100000
2556,4,768,1.0,768.0,1,1955,120500
2557,4,864,2.0,864.0,1,1955,110000
2558,5,2592,0.0,1296.0,2,1923,325000
2559,5,1422,1.0,1290.0,1,1926,180000
2560,6,1298,1.0,651.0,2,1921,140000
2561,7,1098,1.0,531.0,1,1930,100000
2562,6,1436,1.0,585.0,1,1921,140000
2563,6,1461,1.0,686.0,1,1926,140000
2564,7,1718,2.0,851.0,2,1927,140000
2565,5,1226,2.0,0.0,1,1951,101800
2566,4,1755,1.0,930.0,2,1930,190000
2567,5,1355,2.0,728.0,2,1941,140000
2568,6,1560,2.0,1560.0,1,1960,190000
2569,6,1488,2.0,1488.0,2,1968,167000
2570,6,1045,2.0,516.0,1,1980,100000
2571,4,1680,2.0,1680.0,2,1995,275000
2572,8,1020,2.0,1004.0,1,1988,110000
2573,7,1696,2.0,1696.0,2,1971,275000
2574,8,2726,2.0,279.0,2,1986,242000
2575,6,1215,2.0,720.0,1,1940,140000
2576,5,1601,0.0,936.0,2,1925,140000
2577,5,1828,2.0,859.0,2,1923,215000
2578,5,816,1.0,816.0,1,1922,120500
2579,2,845,1.0,0.0,1,1939,72500
2580,5,1991,0.0,957.0,2,1895,190000
2581,4,1073,2.0,1073.0,1,1957,125000
2582,5,1001,1.0,837.0,1,1930,110000
2583,8,1625,2.0,1573.0,2,2006,190000
2584,6,1299,2.0,1001.0,2,1979,135000
2585,5,1392,3.0,1441.0,2,2002,196000
2586,7,1409,2.0,1409.0,1,2002,180000
2587,7,1478,2.0,1454.0,2,1991,190000
2588,7,918,1.0,852.0,1,1975,110000
2589,6,1026,2.0,970.0,1,1974,110000
2590,7,1501,2.0,1501.0,2,1987,167000
2591,6,2279,2.0,585.0,2,1958,169000
2592,7,1689,2.0,1689.0,2,2006,275000
2593,8,1564,2.0,1546.0,2,2006,190000
2594,7,1240,2.0,1265.0,2,1985,125000
2595,8,1312,2.0,1267.0,2,2001,143000
2596,8,1922,3.0,1922.0,2,2002,385000
2597,6,1491,2.0,1491.0,2,1996,167000
2598,7,2486,2.0,1122.0,3,2003,200000
2599,10,1824,3.0,1824.0,2,2006,275000
2600,3,2034,4.0,0.0,1,1953,198500
2601,6,936,2.0,920.0,0,1996,110000
2602,4,1092,1.0,546.0,1,1972,100000
2603,4,992,1.0,530.0,1,1970,100000
2604,4,1092,0.0,546.0,1,1970,100000
2605,4,1092,1.0,546.0,1,1976,100000
2606,5,1008,2.0,923.0,1,1977,110000
2607,6,1356,2.0,1244.0,2,1977,143000
2608,5,1676,2.0,1160.0,1,1977,190000
2609,5,1432,2.0,716.0,1,1977,140000
2610,5,796,0.0,796.0,1,1971,120500
2611,4,1608,1.0,1396.0,1,1961,190000
2612,5,1178,2.0,1090.0,1,1976,135000
2613,5,816,1.0,816.0,1,1983,120500
2614,5,887,1.0,864.0,1,1984,110000
2615,6,1293,2.0,1178.0,2,1954,135000
2616,6,1024,1.0,1008.0,1,1956,110000
2617,5,1797,3.0,1617.0,1,1957,275000
2618,6,1390,2.0,1705.0,1,1957,232000
2619,7,1851,2.0,1851.0,2,1969,385000
2620,6,1525,2.0,813.0,2,1997,140000
2621,6,1671,2.0,781.0,2,1995,140000
2622,6,1776,2.0,821.0,2,1996,140000
2623,8,2064,2.0,1074.0,2,2005,190000
2624,7,2212,3.0,1700.0,2,2005,320000
2625,8,2687,2.0,2062.0,2,1994,380000
2626,6,1169,2.0,1160.0,2,1993,141000
2627,8,1204,2.0,1191.0,2,1987,141000
2628,9,2798,3.0,1398.0,3,2005,325000
2629,10,3390,3.0,1528.0,3,2006,538000
2630,9,2473,3.0,1094.0,2,2006,200000
2631,10,2698,3.0,1850.0,2,2006,320000
2632,9,2795,3.0,1390.0,3,2005,325000
2633,9,1714,2.0,1714.0,2,2005,275000
2634,9,2000,3.0,1910.0,2,2005,244000
2635,6,1102,2.0,988.0,1,1980,135000
2636,7,1857,2.0,945.0,2,1978,190000
2637,7,1083,2.0,1047.0,1,1976,135000
2638,7,2318,2.0,960.0,2,2005,200000
2639,6,1875,2.0,675.0,3,1975,140000
2640,6,1103,2.0,1103.0,2,1974,125000
2641,4,874,2.0,864.0,1,1971,110000
2642,6,1419,2.0,1487.0,2,2002,196000
2643,6,1092,2.0,525.0,1,1973,100000
2644,5,1365,2.0,765.0,1,1973,140000
2645,6,1030,1.0,494.0,1,1972,100000
2646,6,948,1.0,483.0,1,1972,100000
2647,6,1092,1.0,525.0,1,1972,100000
2648,6,1069,2.0,1069.0,2,1975,125000
2649,5,1387,1.0,943.0,1,1967,140000
2650,7,1055,1.0,1055.0,2,1976,125000
2651,6,1456,2.0,855.0,2,1976,140000
2652,9,2589,3.0,1738.0,2,2006,320000
2653,8,1618,3.0,1618.0,2,2004,190000
2654,7,1740,3.0,1721.0,2,2006,275000
2655,9,1868,3.0,1868.0,2,2005,385000
2656,9,2206,3.0,1090.0,2,2005,200000
2657,9,2091,2.0,1606.0,2,2005,240000
2658,8,2253,2.0,1209.0,2,2005,200000
2659,8,2389,3.0,1054.0,2,2006,200000
2660,8,2358,3.0,1524.0,2,2005,240000
2661,9,1792,3.0,1792.0,2,2005,275000
2662,9,1780,3.0,1780.0,2,2004,275000
2663,8,1914,3.0,1420.0,2,2004,190000
2664,9,1565,2.0,1560.0,2,2005,190000
2665,9,1686,3.0,1686.0,2,2006,275000
2666,9,1666,2.0,1666.0,2,2006,275000
2667,6,1456,2.0,728.0,2,2005,140000
2668,7,1492,2.0,738.0,2,2006,140000
2669,6,1326,2.0,1326.0,2,2006,143000
2670,8,2373,3.0,1052.0,2,2004,200000
2671,7,1492,2.0,738.0,2,2006,140000
2672,7,1364,2.0,1220.0,2,2006,145000
2673,7,1511,2.0,1368.0,2,2002,190000
2674,7,1548,2.0,1365.0,2,2004,190000
2675,7,1142,2.0,1142.0,2,2005,125000
2676,7,1598,2.0,848.0,2,2004,140000
2677,6,1889,2.0,982.0,2,2000,190000
2678,7,2322,3.0,1035.0,3,2006,200000
2679,8,1976,3.0,1044.0,2,1998,190000
2680,8,2234,3.0,1160.0,2,2000,200000
2681,9,2855,3.0,1540.0,2,2000,325000
2682,8,2726,3.0,1342.0,2,1995,325000
2683,9,3500,3.0,1733.0,3,1993,625000
2684,8,2494,3.0,1290.0,2,1994,250000
2685,8,2799,3.0,1286.0,2,1993,325000
2686,8,1964,2.0,1100.0,2,2005,190000
2687,8,1670,3.0,1670.0,2,2006,275000
2688,8,1504,2.0,1504.0,2,2006,167000
2689,8,1278,2.0,1278.0,2,2006,141000
2690,9,2640,3.0,2036.0,3,2006,320000
2691,6,1716,2.0,858.0,2,2005,140000
2692,6,1142,0.0,1142.0,1,2005,125000
2693,7,1400,2.0,1400.0,2,2005,180000
2694,6,1131,0.0,1131.0,1,2005,125000
2695,7,1686,2.0,891.0,2,2005,140000
2696,7,1585,2.0,784.0,2,2005,140000
2697,6,1837,2.0,941.0,2,1997,190000
2698,6,1731,2.0,836.0,2,1992,140000
2699,6,1398,2.0,1398.0,2,1990,180000
2700,6,1217,2.0,1217.0,2,1991,141000
2701,6,1320,2.0,636.0,2,1994,140000
2702,5,988,2.0,988.0,1,1962,125000
2703,6,1654,2.0,0.0,2,1977,90000
2704,5,1211,2.0,864.0,1,1962,140000
2705,5,984,1.0,984.0,1,1965,125000
2706,5,909,1.0,882.0,1,1968,110000
2707,5,925,2.0,925.0,1,1963,110000
2708,5,1024,1.0,1024.0,1,1965,125000
2709,5,912,0.0,912.0,1,1964,110000
2710,5,941,1.0,912.0,1,1967,110000
2711,7,2646,2.0,1748.0,2,1974,320000
2712,8,2826,3.0,1334.0,2,1992,325000
2713,7,1143,2.0,1143.0,1,2004,125000
2714,7,1223,2.0,600.0,2,2005,100000
2715,6,1524,2.0,756.0,2,2000,140000
2716,7,1080,2.0,530.0,2,2003,100000
2717,7,1694,1.0,569.0,2,1997,140000
2718,8,1568,2.0,1568.0,2,2001,190000
2719,5,1193,2.0,1153.0,2,1972,135000
2720,7,1334,2.0,1334.0,2,1967,143000
2721,5,1051,2.0,1051.0,1,1968,125000
2722,5,1770,2.0,900.0,1,1968,140000
2723,6,976,2.0,976.0,1,1968,125000
2724,5,898,1.0,833.0,1,1968,110000
2725,5,1051,1.0,1051.0,1,1966,125000
2726,5,1141,1.0,1141.0,1,1967,125000
2727,6,1565,1.0,1187.0,2,1965,190000
2728,6,1488,2.0,1008.0,1,1964,140000
2729,5,1440,2.0,720.0,1,1964,140000
2730,5,1248,1.0,1248.0,1,1960,141000
2731,6,816,1.0,816.0,1,1934,120500
2732,5,1043,1.0,938.0,1,1947,110000
2733,5,1433,2.0,1251.0,1,1961,180000
2734,5,1624,1.0,1444.0,1,1952,190000
2735,5,1216,1.0,1056.0,1,1951,135000
2736,5,1728,1.0,704.0,1,1949,140000
2737,5,936,1.0,936.0,1,1954,110000
2738,5,1584,2.0,1584.0,2,1967,190000
2739,6,1246,2.0,1246.0,1,1964,141000
2740,6,1008,2.0,1008.0,1,1963,125000
2741,5,1364,1.0,1179.0,1,1957,145000
2742,6,1336,2.0,1121.0,1,1958,135000
2743,5,1370,1.0,1058.0,1,1956,135000
2744,6,1124,1.0,1124.0,1,1956,125000
2745,6,1050,1.0,1050.0,1,1954,125000
2746,5,1008,1.0,1008.0,1,1952,125000
2747,6,1575,2.0,216.0,1,1951,90000
2748,5,1145,2.0,301.0,1,1956,112000
2749,5,1005,1.0,1005.0,1,1956,125000
2750,5,1056,1.0,1056.0,1,1955,125000
2751,5,884,1.0,884.0,1,1951,110000
2752,7,2039,3.0,929.0,1,1941,190000
2753,5,1384,2.0,1015.0,1,1956,135000
2754,5,2640,3.0,2171.0,2,1925,380000
2755,6,1312,2.0,784.0,1,1947,140000
2756,3,713,1.0,713.0,1,1930,80000
2757,3,715,2.0,715.0,1,1929,80000
2758,4,720,1.0,448.0,1,1900,109500
2759,6,1595,2.0,663.0,2,1915,140000
2760,4,1760,2.0,1077.0,1,1910,190000
2761,6,1146,1.0,1083.0,1,1963,135000
2762,6,1207,1.0,1135.0,1,1962,135000
2763,6,1773,2.0,1313.0,2,1961,190000
2764,7,1472,2.0,0.0,2,1959,90000
2765,7,2448,2.0,1438.0,3,1962,290000
2766,4,1521,1.0,910.0,1,1950,140000
2767,3,1040,2.0,0.0,2,1950,82000
2768,5,1556,0.0,1556.0,2,1960,190000
2769,5,1150,1.0,1150.0,1,1961,141000
2770,7,1045,2.0,1045.0,1,1962,125000
2771,5,864,1.0,864.0,1,1962,110000
2772,5,1025,0.0,1025.0,1,1962,125000
2773,5,2014,2.0,716.0,2,1900,197000
2774,5,1668,1.0,1212.0,1,1948,190000
2775,4,1657,1.0,1147.0,1,1920,190000
2776,6,1416,2.0,780.0,1,1900,140000
2777,7,1428,2.0,712.0,1,1900,140000
2778,7,1004,1.0,502.0,1,1930,100000
2779,4,1951,2.0,938.0,2,1900,190000
2780,6,1032,1.0,1032.0,1,1924,125000
2781,5,844,1.0,844.0,1,1925,110000
2782,4,864,1.0,576.0,1,1950,100000
2783,3,1376,1.0,738.0,1,1905,140000
2784,5,960,2.0,960.0,1,1955,125000
2785,5,1566,2.0,816.0,1,1924,140000
2786,3,492,1.0,492.0,1,1921,86000
2787,6,1182,1.0,770.0,1,1945,140000
2788,3,840,1.0,798.0,1,1920,110000
2789,7,2104,2.0,1226.0,2,1910,200000
2790,5,1248,0.0,624.0,2,1920,140000
2791,5,960,2.0,960.0,1,1958,125000
2792,3,1020,0.0,1020.0,1,1918,125000
2793,6,1827,1.0,848.0,1,1924,215000
2794,3,1162,1.0,728.0,1,1930,140000
2795,5,1324,1.0,741.0,1,1930,140000
2796,5,816,1.0,816.0,1,1925,120500
2797,6,2486,2.0,1595.0,2,1962,320000
2798,4,1430,2.0,596.0,2,1924,140000
2799,5,1330,1.0,396.0,1,1910,112000
2800,5,819,0.0,610.0,1,1919,100000
2801,6,984,1.0,984.0,1,1930,125000
2802,5,1422,1.0,806.0,1,1951,140000
2803,6,1921,2.0,1921.0,2,1964,385000
2804,5,1640,2.0,0.0,1,1950,90000
2805,5,1032,1.0,0.0,1,1935,82000
2806,5,879,1.0,830.0,1,1936,110000
2807,7,1073,1.0,1073.0,2,2004,125000
2808,5,1064,2.0,1064.0,1,1967,125000
2809,6,934,1.0,912.0,1,1964,110000
2810,5,1059,1.0,1059.0,1,1966,125000
2811,5,1458,2.0,1176.0,1,1967,145000
2812,6,1040,2.0,960.0,1,1978,110000
2813,5,1967,2.0,1967.0,2,1977,278000
2814,5,1949,2.0,1949.0,2,1977,385000
2815,5,872,1.0,872.0,1,1924,110000
2816,7,1830,2.0,1865.0,1,1967,385000
2817,5,1000,2.0,1000.0,1,1963,125000
2818,5,810,2.0,782.0,1,1971,80000
2819,7,1700,1.0,430.0,2,1980,90000
2820,4,1350,2.0,967.0,1,1954,135000
2821,5,1150,1.0,799.0,1,1942,140000
2822,6,2009,3.0,672.0,2,1928,169000
2823,6,3672,2.0,1836.0,3,1935,625000
2824,5,1560,2.0,1776.0,2,1962,232000
2825,5,1488,2.0,0.0,1,1952,90000
2826,5,1057,1.0,1057.0,1,1955,125000
2827,6,1609,1.0,1000.0,1,1953,140000
2828,6,2559,2.0,868.0,2,1989,242000
2829,6,1440,4.0,1344.0,2,1993,180000
2830,7,1876,3.0,1308.0,2,2005,190000
2831,7,1208,2.0,1208.0,2,2005,141000
2832,6,1846,2.0,1836.0,2,2006,275000
2833,8,1590,3.0,1570.0,2,2005,190000
2834,7,1809,2.0,945.0,2,2005,160000
2835,7,1614,2.0,1614.0,2,2005,190000
2836,7,1596,2.0,784.0,2,2005,140000
2837,6,1388,2.0,1388.0,2,1968,180000
2838,5,1100,2.0,1100.0,1,1996,125000
2839,6,1499,2.0,781.0,2,1995,140000
2840,7,1425,2.0,1425.0,2,1998,180000
2841,7,1749,2.0,842.0,2,1999,140000
2842,7,1779,2.0,951.0,2,1999,140000
2843,6,1388,1.0,675.0,1,1977,140000
2844,6,1282,3.0,995.0,2,1978,135000
2845,5,864,1.0,864.0,1,1972,110000
2846,7,1762,2.0,826.0,2,2002,140000
2847,6,1755,2.0,840.0,2,1999,140000
2848,8,1358,2.0,1348.0,1,2002,143000
2849,7,1909,2.0,872.0,2,2002,215000
2850,8,2214,3.0,1090.0,2,1999,200000
2851,7,2049,2.0,1065.0,2,1996,190000
2852,7,1939,3.0,1054.0,2,1998,190000
2853,7,1995,2.0,930.0,2,1995,190000
2854,6,848,2.0,848.0,1,2003,120500
2855,7,1390,2.0,1390.0,2,2003,143000
2856,7,1737,2.0,851.0,2,2006,140000
2857,7,1611,2.0,784.0,2,2005,140000
2858,7,1336,2.0,1336.0,2,2005,143000
2859,4,1436,2.0,676.0,2,1910,140000
2860,6,1012,0.0,976.0,2,1975,110000
2861,5,1176,1.0,1176.0,1,1969,141000
2862,7,1724,2.0,796.0,2,2003,140000
2863,6,914,0.0,914.0,1,2002,110000
2864,7,2314,2.0,1150.0,2,2003,200000
2865,6,1072,2.0,547.0,1,2005,100000
2866,7,1709,2.0,970.0,2,2004,140000
2867,4,936,1.0,624.0,1,1948,100000
2868,6,1338,2.0,832.0,2,1915,140000
2869,4,1669,1.0,1093.0,1,1924,190000
2870,4,1482,2.0,954.0,2,1954,140000
2871,4,1414,0.0,864.0,1,1922,140000
2872,2,498,1.0,498.0,1,1922,86000
2873,4,1273,1.0,616.0,1,1910,140000
2874,5,1551,1.0,1058.0,2,1938,185000
2875,6,1340,1.0,780.0,1,1945,140000
2876,7,1479,1.0,624.0,1,1926,140000
2877,6,1510,1.0,755.0,1,1920,140000
2878,7,1636,1.0,818.0,1,1919,140000
2879,5,1465,1.0,992.0,2,1939,140000
2880,5,1288,1.0,824.0,1,1941,140000
2881,6,1550,1.0,817.0,1,1920,140000
2882,5,1717,1.0,901.0,1,1940,140000
2883,7,1671,2.0,1022.0,2,1929,190000
2884,7,1609,3.0,637.0,1,1932,140000
2885,6,1801,2.0,697.0,1,1930,140000
2886,5,2315,1.0,1168.0,2,1950,200000
2887,5,976,1.0,976.0,1,1942,125000
2888,6,1285,2.0,861.0,1,1926,140000
2889,4,672,0.0,432.0,1,1925,60000
2890,4,641,1.0,641.0,1,1925,86000
2891,6,1638,1.0,967.0,2,1957,140000
2892,3,729,0.0,0.0,1,1945,72500
2893,5,1396,0.0,660.0,2,1951,140000
2894,3,936,0.0,216.0,1,1916,82000
2895,8,1778,2.0,1573.0,2,2005,190000
2896,8,1646,2.0,1594.0,2,2004,190000
2897,6,1625,2.0,1625.0,2,1979,275000
2898,6,1664,2.0,1664.0,2,1978,275000
2899,8,1491,2.0,1491.0,2,2001,167000
2900,6,1210,2.0,1128.0,2,1975,135000
2901,6,1650,2.0,1632.0,1,1958,275000
2902,6,1403,2.0,1381.0,2,2000,180000
2903,8,1960,3.0,1728.0,2,2005,240000
2904,9,1838,3.0,1838.0,2,2005,275000
2905,1,1600,1.0,0.0,1,1951,90000
2906,7,1368,4.0,1288.0,2,1997,143000
2907,5,1304,1.0,264.0,1,1977,112000
2908,5,874,1.0,864.0,1,1968,110000
2909,5,1652,3.0,1652.0,2,1970,275000
2910,4,630,0.0,630.0,1,1970,86000
2911,4,1092,1.0,546.0,1,1972,100000
2912,5,1360,1.0,1104.0,1,1969,135000
2913,4,1092,1.0,546.0,1,1970,100000
2914,4,1092,0.0,546.0,1,1970,100000
2915,4,1092,0.0,546.0,1,1970,100000
2916,4,1092,1.0,546.0,1,1970,100000
2917,5,1224,2.0,1224.0,1,1960,141000
2918,5,970,0.0,912.0,1,1992,110000
2919,7,2000,3.0,996.0,2,1993,190000
